<?xml version="1.0" encoding="UTF-8"?>
<tt xmlns="http://www.w3.org/2006/04/ttaf1"
     xmlns:ttd="http://www.w3.org/2006/04/ttaf1#datatype"
     xmlns:ttm="http://www.w3.org/2006/04/ttaf1#metadata"
     xmlns:ttp="http://www.w3.org/2006/04/ttaf1#parameter"
     xmlns:tts="http://www.w3.org/2006/04/ttaf1#style"
     xmlns:xsi="http://www.w3.org/2001/XMLSchema-instance"
     xsi:schemaLocation="http://www.w3.org/2006/04/ttaf1 ttaf1-dfxp.xsd"
     xml:lang="en">
<head>
<styling xmlns:tts="http://www.w3.org/2006/04/ttaf1#styling">
  <!-- s1 specifies default color, font, and text alignment -->
  <style id="s1"
    tts:color="white"
    tts:fontFamily="proportionalSansSerif"
    tts:fontSize="22px"
    tts:textAlign="center"
  />
  <!-- alternative using yellow text but otherwise the same as style s1 -->
  <style id="s2" style="s1" tts:color="yellow"/>
  <!-- a style based on s1 but justified to the right -->
  <style id="s1Right" style="s1" tts:textAlign="end" />     
  <!-- a style based on s2 but justified to the left -->
  <style id="s2Left" style="s2" tts:textAlign="start" />
</styling>
</head>
<body/>
</tt>