<?xml version="1.0" encoding="UTF-8"?>
<tt xmlns="http://www.w3.org/2006/04/ttaf1"
     xmlns:ttd="http://www.w3.org/2006/04/ttaf1#datatype"
     xmlns:ttm="http://www.w3.org/2006/04/ttaf1#metadata"
     xmlns:ttp="http://www.w3.org/2006/04/ttaf1#parameter"
     xmlns:tts="http://www.w3.org/2006/04/ttaf1#style"
     xmlns:xsi="http://www.w3.org/2001/XMLSchema-instance"
     xsi:schemaLocation="http://www.w3.org/2006/04/ttaf1 ttaf1-dfxp.xsd"
     xml:lang="en">
<head>
<layout>
<region id="r1">
  <style tts:extent="50px 570px"/>
  <style tts:origin="0px 0px"/>
  <style tts:padding="10px 3px"/>
  <style tts:backgroundColor="black"/>
  <style tts:color="white"/>
  <style tts:writingMode="tbrl"/>
</region>
<region id="r2">
  <style tts:extent="310px 50px"/>
  <style tts:origin="70px 120px"/>
  <style tts:padding="10px 3px"/>
  <style tts:backgroundColor="black"/>
  <style tts:color="white"/>
  <style tts:writingMode="rltb"/>
</region>
</layout>
</head>
<body>
<div>
<p region="r1">
  I sometimes dig for buttered rolls,<br/>
  Or set limed twigs for crabs:
</p>
<p region="r2" tts:direction="rtl" tts:unicodeBidi="bidiOverride">
  I sometimes search the grassy knolls for the wheels of Hansom-cabs.
</p>
</div>
</body>
</tt>
