<?xml version="1.0" encoding="UTF-8"?>
<tt xmlns="http://www.w3.org/2006/04/ttaf1"
     xmlns:ttd="http://www.w3.org/2006/04/ttaf1#datatype"
     xmlns:ttm="http://www.w3.org/2006/04/ttaf1#metadata"
     xmlns:ttp="http://www.w3.org/2006/04/ttaf1#parameter"
     xmlns:tts="http://www.w3.org/2006/04/ttaf1#style"
     xmlns:xsi="http://www.w3.org/2001/XMLSchema-instance"
     xsi:schemaLocation="http://www.w3.org/2006/04/ttaf1 ttaf1-dfxp.xsd"
     xml:lang="en">
<head>
<layout>
<region id="r1">
  <style tts:extent="140px 70px"/>
  <style tts:displayAlign="after"/>
  <style tts:backgroundColor="transparent"/>
  <style tts:fontFamily="proportionalSansSerif"/>
  <style tts:fontSize="18px"/>
  <style tts:overflow="scroll"/>
  <style tts:dynamicFlow="in(word,jump) out(line,smooth) inter(3s)"/>
</region>
</layout>
</head>
<body>
<div>
<p region="r1">
  <span tts:backgroundColor="black" tts:color="white">
    Five o'clock tea!<br/>
    Ever to thee,<br/>
    Faithful I'll be,<br/>
    Five o'clock tea!<br/>
    <br/>
    <br/>
    <br/>
  </span>
</p>
</div>
</body>
</tt>
