<?xml version="1.0" encoding="UTF-8"?>
<tt xmlns="http://www.w3.org/2006/04/ttaf1"
     xmlns:ttd="http://www.w3.org/2006/04/ttaf1#datatype"
     xmlns:ttm="http://www.w3.org/2006/04/ttaf1#metadata"
     xmlns:ttp="http://www.w3.org/2006/04/ttaf1#parameter"
     xmlns:tts="http://www.w3.org/2006/04/ttaf1#style"
     xmlns:xsi="http://www.w3.org/2001/XMLSchema-instance"
     xsi:schemaLocation="http://www.w3.org/2006/04/ttaf1 ttaf1-dfxp.xsd"
     xml:lang="en">
<head>
<layout>
<region id="r1">
  <style tts:origin="0px 0px"/>
  <style tts:extent="265px 100px"/>
  <style tts:backgroundColor="black"/>
  <style tts:showBackground="always"/>
  <style tts:color="white"/>
  <style tts:displayAlign="before"/>
  <style tts:textAlign="start"/>
</region>
<region id="r2">
  <style tts:origin="205px 60px"/>
  <style tts:extent="290px 100px"/>
  <style tts:backgroundColor="red"/>
  <style tts:color="white"/>
  <style tts:displayAlign="before"/>
  <style tts:textAlign="end"/>
  <style tts:showBackground="whenActive"/>
</region>
</layout>
</head>
<body/>
</tt>
