<?xml version="1.0" encoding="UTF-8"?>
<tt xmlns="http://www.w3.org/2006/04/ttaf1"
     xmlns:ttd="http://www.w3.org/2006/04/ttaf1#datatype"
     xmlns:ttm="http://www.w3.org/2006/04/ttaf1#metadata"
     xmlns:ttp="http://www.w3.org/2006/04/ttaf1#parameter"
     xmlns:tts="http://www.w3.org/2006/04/ttaf1#style"
     xmlns:xsi="http://www.w3.org/2001/XMLSchema-instance"
     xsi:schemaLocation="http://www.w3.org/2006/04/ttaf1 ttaf1-dfxp.xsd"
     xml:lang="en">
<head>
<layout>
<region id="r1">
  <style tts:extent="474px 146px"/>
  <style tts:backgroundColor="black"/>
  <style tts:color="white"/>
  <style tts:displayAlign="center"/>
  <style tts:textAlign="start"/>
  <style tts:fontFamily="proportionalSansSerif"/>
</region>
</layout>
</head>
<body>
<div region="r1">
  <p>
    "The time has come," the Walrus said,<br/>
    "to talk of many things:
  </p>
  <p tts:textAlign="end" tts:fontFamily="monospaceSerif">
    Of shoes, and ships, and sealing wax,<br/>
    Of cabbages and kings,
  </p>
  <p>
    And why the sea is boiling hot,<br/>
    and whether pigs have wings."
  </p>
</div>
</body>
</tt> 