<?xml version="1.0" encoding="UTF-8"?>
<tt xmlns="http://www.w3.org/2006/04/ttaf1"
     xmlns:ttd="http://www.w3.org/2006/04/ttaf1#datatype"
     xmlns:ttm="http://www.w3.org/2006/04/ttaf1#metadata"
     xmlns:ttp="http://www.w3.org/2006/04/ttaf1#parameter"
     xmlns:tts="http://www.w3.org/2006/04/ttaf1#style"
     xmlns:xsi="http://www.w3.org/2001/XMLSchema-instance"
     xsi:schemaLocation="http://www.w3.org/2006/04/ttaf1 ttaf1-dfxp.xsd"
     xml:lang="en">
<head>
<layout>
<region id="r1">
  <style tts:backgroundColor="black"/>
  <style tts:color="white"/>
  <style tts:displayAlign="after"/>
  <style tts:textAlign="center"/>
</region>
</layout>
</head>
<body>
<div>
<p region="r1">
  In spring, when woods are <span tts:color="green">getting green</span>,<br/>
  I'll try and tell you what I mean.
</p>
</div>
</body>
</tt>
