<?xml version="1.0" encoding="UTF-8"?>
<tt xmlns="http://www.w3.org/2006/04/ttaf1"
     xmlns:ttd="http://www.w3.org/2006/04/ttaf1#datatype"
     xmlns:ttm="http://www.w3.org/2006/04/ttaf1#metadata"
     xmlns:ttp="http://www.w3.org/2006/04/ttaf1#parameter"
     xmlns:tts="http://www.w3.org/2006/04/ttaf1#style"
     xmlns:xsi="http://www.w3.org/2001/XMLSchema-instance"
     xsi:schemaLocation="http://www.w3.org/2006/04/ttaf1 ttaf1-dfxp.xsd"
     xml:lang="en">
<head>
<layout>
<region id="r1">
  <style tts:extent="128px 66px"/>
  <style tts:origin="0px 0px"/>
  <style tts:backgroundColor="black"/>
  <style tts:color="white"/>
  <style tts:displayAlign="before"/>
  <style tts:textAlign="start"/>
</region>
<region id="r2">
  <style tts:extent="192px 66px"/>
  <style tts:origin="128px 66px"/>
  <style tts:backgroundColor="green"/>
  <style tts:color="white"/>
  <style tts:displayAlign="after"/>
  <style tts:textAlign="start"/>
</region>
<region id="r3">
  <style tts:extent="128px 66px"/>
  <style tts:origin="0px 132px"/>
  <style tts:backgroundColor="black"/>
  <style tts:color="white"/>
  <style tts:displayAlign="before"/>
  <style tts:textAlign="start"/>
</region>
<region id="r4">
  <style tts:extent="192px 66px"/>
  <style tts:origin="128px 198px"/>
  <style tts:backgroundColor="green"/>
  <style tts:color="white"/>
  <style tts:displayAlign="after"/>
  <style tts:textAlign="start"/>
</region>
</layout>
</head>
<body>
<div>
  <p region="r1">I sent a message to the fish:</p>
  <p region="r2">I told them<br/> "This is what I wish."</p>
  <p region="r3">The little fishes of the sea,</p>
  <p region="r4">They sent an<br/> answer back to me.</p>
</div>
</body>
</tt>
