<?xml version="1.0" encoding="UTF-8"?>
<tt xmlns="http://www.w3.org/2006/04/ttaf1"
     xmlns:ttd="http://www.w3.org/2006/04/ttaf1#datatype"
     xmlns:ttm="http://www.w3.org/2006/04/ttaf1#metadata"
     xmlns:ttp="http://www.w3.org/2006/04/ttaf1#parameter"
     xmlns:tts="http://www.w3.org/2006/04/ttaf1#style"
     xmlns:xsi="http://www.w3.org/2001/XMLSchema-instance"
     xsi:schemaLocation="http://www.w3.org/2006/04/ttaf1 ttaf1-dfxp.xsd"
     xml:lang="en">
<head>
<layout>
<region id="r1">
  <style tts:origin="40px 40px"/>
  <style tts:extent="308px 92px"/>
  <style tts:backgroundColor="black"/>
  <style tts:color="white"/>
  <style tts:displayAlign="center"/>
  <style tts:textAlign="center"/>
</region>
</layout>
</head>
<body>
<div>
<p region="r1">
  "To dine!" she shrieked in dragon-wrath.<br/>
  "To swallow wines all foam and froth!<br/>
   To simper at a table-cloth!"
</p>
</div>
</body>
</tt>