<?xml version="1.0" encoding="UTF-8"?>
<tt xmlns="http://www.w3.org/2006/04/ttaf1"
     xmlns:ttd="http://www.w3.org/2006/04/ttaf1#datatype"
     xmlns:ttm="http://www.w3.org/2006/04/ttaf1#metadata"
     xmlns:ttp="http://www.w3.org/2006/04/ttaf1#parameter"
     xmlns:tts="http://www.w3.org/2006/04/ttaf1#style"
     xmlns:xsi="http://www.w3.org/2001/XMLSchema-instance"
     xsi:schemaLocation="http://www.w3.org/2006/04/ttaf1 ttaf1-dfxp.xsd"
     xml:lang="en">
<head>
<layout>
<region id="r1">
  <style tts:backgroundColor="transparent"/>
  <style tts:color="yellow"/>
  <style tts:textOutline="black 2px 0px"/>
  <style tts:fontFamily="proportionalSansSerif"/>
  <style tts:fontSize="24px"/>
</region>
</layout>
</head>
<body>
<div>
<p>
  How doth the little crocodile<br/>
  Improve its shining tail,<br/>
  And pour the waters of the Nile<br/>
  On every golden scale!<br/>
  How cheerfully he seems to grin,<br/>
  How neatly spreads his claws,<br/>
  And welcomes little fishes in,<br/>
  With gently smiling jaws!
</p>
 </div>
</body>
</tt>
