<?xml version="1.0" encoding="UTF-8"?>
<tt xmlns="http://www.w3.org/2006/04/ttaf1"
     xmlns:ttd="http://www.w3.org/2006/04/ttaf1#datatype"
     xmlns:ttm="http://www.w3.org/2006/04/ttaf1#metadata"
     xmlns:ttp="http://www.w3.org/2006/04/ttaf1#parameter"
     xmlns:tts="http://www.w3.org/2006/04/ttaf1#style"
     xmlns:xsi="http://www.w3.org/2001/XMLSchema-instance"
     xsi:schemaLocation="http://www.w3.org/2006/04/ttaf1 ttaf1-dfxp.xsd"
     xml:lang="en">
<head>
<layout>
<region id="r1">
  <style tts:extent="369px 119px"/>
  <style tts:backgroundColor="black"/>
  <style tts:color="white"/>
  <style tts:displayAlign="before"/>
  <style tts:textAlign="start"/>
</region>
</layout>
</head>
<body>
<div region="r1">
  <p dur="5s">
    [[[
    <span tts:display="none">
      <set begin="1s" dur="1s" tts:display="auto"/>
      Beautiful soup,
    </span>
    <span tts:display="none">
      <set begin="2s" dur="1s" tts:display="auto"/>
      so rich and green,
    </span>
    <span tts:display="none">
      <set begin="3s" dur="1s" tts:display="auto"/>
      waiting in a hot tureen!
    </span>
    ]]]
  </p>
</div>
</body>
</tt>

