<?xml version="1.0" encoding="UTF-8"?>
<tt xmlns="http://www.w3.org/2006/04/ttaf1"
     xmlns:ttd="http://www.w3.org/2006/04/ttaf1#datatype"
     xmlns:ttm="http://www.w3.org/2006/04/ttaf1#metadata"
     xmlns:ttp="http://www.w3.org/2006/04/ttaf1#parameter"
     xmlns:tts="http://www.w3.org/2006/04/ttaf1#style"
     xmlns:xsi="http://www.w3.org/2001/XMLSchema-instance"
     xsi:schemaLocation="http://www.w3.org/2006/04/ttaf1 ttaf1-dfxp.xsd"
     xml:lang="en">
<head>
<layout>
<region id="r1">
  <style tts:extent="255px 190px"/>
  <style tts:backgroundColor="black"/>
  <style tts:color="white"/>
  <style tts:displayAlign="center"/>
  <style tts:textAlign="start"/>
  <style tts:fontFamily="proportionalSansSerif"/>
  <style tts:fontSize="16px"/>
  <style tts:lineHeight="32px"/>
</region>
</layout>
</head>
<body>
<div>
<p region="r1">
  He thought he saw an elephant,<br/>
  That practised on a fife:<br/>
  He looked again, and found it was<br/>
  A letter from his wife.<br/>
  "At length I realise," he said,<br/>
  "The bitterness of Life.
"</p>
</div>
</body>
</tt>
