<?xml version="1.0" encoding="UTF-8"?>
<tt xmlns="http://www.w3.org/2006/04/ttaf1"
     xmlns:ttd="http://www.w3.org/2006/04/ttaf1#datatype"
     xmlns:ttm="http://www.w3.org/2006/04/ttaf1#metadata"
     xmlns:ttp="http://www.w3.org/2006/04/ttaf1#parameter"
     xmlns:tts="http://www.w3.org/2006/04/ttaf1#style"
     xmlns:xsi="http://www.w3.org/2001/XMLSchema-instance"
     xsi:schemaLocation="http://www.w3.org/2006/04/ttaf1 ttaf1-dfxp.xsd"
     xml:lang="en">
<head>
<layout>
<region id="r1">
  <style tts:origin="0px 0px"/>
  <style tts:extent="400px 100px"/>
  <style tts:padding="5px"/>
  <style tts:backgroundColor="black"/>
  <style tts:color="white"/>
  <style tts:zIndex="0"/>
</region>
<region id="r2">
  <style tts:origin="100px 60px"/>
  <style tts:extent="400px 100px"/>
  <style tts:padding="5px"/>
  <style tts:backgroundColor="red"/>
  <style tts:color="white"/>
  <style tts:textAlign="end"/>
  <style tts:zIndex="1"/>
</region>
<region id="r3">
  <style tts:origin="0px 120px"/>
  <style tts:extent="400px 100px"/>
  <style tts:padding="5px"/>
  <style tts:backgroundColor="black"/>
  <style tts:color="white"/>
  <style tts:zIndex="2"/>
</region>
<region id="r4">
  <style tts:origin="100px 180px"/>
  <style tts:extent="400px 100px"/>
  <style tts:padding="5px"/>
  <style tts:backgroundColor="red"/>
  <style tts:color="white"/>
  <style tts:textAlign="end"/>
  <style tts:zIndex="3"/>
</region>
</layout>
</head>
<body>
<div>
<p region="r1">
  I passed by his garden, and marked, with one eye,<br/>
  How the Owl and the Panther were sharing a pie.
</p>
<p region="r2">
  The Panther took pie-crust, and gravy, and meat,<br/>
  While the Owl had the dish as its share of the treat.
</p>
<p region="r3">
  When the pie was all finished, the Owl, as a boon,<br/>
  Was kindly permitted to pocket the spoon:
</p>
<p region="r4">
  While the Panther received knife and fork<br/>
  with a growl,<br/>
  And concluded the banquet by...
</p>
</div>
</body>
</tt>