<?xml version="1.0" encoding="UTF-8"?>
<tt xmlns="http://www.w3.org/2006/04/ttaf1"
     xmlns:ttd="http://www.w3.org/2006/04/ttaf1#datatype"
     xmlns:ttm="http://www.w3.org/2006/04/ttaf1#metadata"
     xmlns:ttp="http://www.w3.org/2006/04/ttaf1#parameter"
     xmlns:tts="http://www.w3.org/2006/04/ttaf1#style"
     xmlns:xsi="http://www.w3.org/2001/XMLSchema-instance"
     xsi:schemaLocation="http://www.w3.org/2006/04/ttaf1 ttaf1-dfxp.xsd"
     xml:lang="en">
<head>
<layout>
<region id="r1">
  <style tts:extent="355px 43px"/>
  <style tts:origin="0px 0px"/>
  <style tts:backgroundColor="black"/>
  <style tts:color="white"/>
  <style tts:textAlign="start"/>
</region>
<region id="r2">
  <style tts:extent="355px 43px"/>
  <style tts:origin="0px 47px"/>
  <style tts:backgroundColor="black"/>
  <style tts:color="white"/>
  <style tts:textAlign="end"/>
</region>
</layout>
</head>
<body>
<div>
<p region="r1">
  Beware the Jabberwock, my son!<br/>
  The jaws that bite, the claws that catch!
</p>
<p region="r2">
  Beware the Jubjub bird, and shun<br/>
  The frumious Bandersnatch!
</p>
 </div>
</body>
</tt>