<?xml version="1.0" encoding="UTF-8"?>
<tt xmlns="http://www.w3.org/2006/04/ttaf1"
     xmlns:ttd="http://www.w3.org/2006/04/ttaf1#datatype"
     xmlns:ttm="http://www.w3.org/2006/04/ttaf1#metadata"
     xmlns:ttp="http://www.w3.org/2006/04/ttaf1#parameter"
     xmlns:tts="http://www.w3.org/2006/04/ttaf1#style"
     xmlns:xsi="http://www.w3.org/2001/XMLSchema-instance"
     xsi:schemaLocation="http://www.w3.org/2006/04/ttaf1 ttaf1-dfxp.xsd"
     xml:lang="en">
<head>
<layout>
<region id="r1">
  <style tts:extent="232px 40px"/>
  <style tts:origin="0px 0px"/>
  <style tts:backgroundColor="black"/>
  <style tts:color="red"/>
  <style tts:displayAlign="before"/>
  <style tts:textAlign="start"/>
  <style tts:fontFamily="proportionalSansSerif"/>
  <style tts:fontSize="18px"/>
  <style tts:wrapOption="noWrap"/>
  <style tts:overflow="visible"/>
</region>
<region id="r2">
  <style tts:extent="232px 40px"/>
  <style tts:origin="0px 43px"/>
  <style tts:backgroundColor="black"/>
  <style tts:color="red"/>
  <style tts:displayAlign="before"/>
  <style tts:textAlign="start"/>
  <style tts:fontFamily="proportionalSansSerif"/>
  <style tts:fontSize="18px"/>
  <style tts:wrapOption="noWrap"/>
  <style tts:overflow="hidden"/>
</region>
</layout>
</head>
<body>
<div>
<p region="r1">
  "But wait a bit," the Oysters cried,<br/>
  "Before we have our chat;
</p>
<p region="r2">
  For some of us are out of breath,<br/>
  And all of us are fat!"
</p>
</div>
</body>
</tt>