<?xml version="1.0" encoding="UTF-8"?>
<tt xmlns="http://www.w3.org/2006/04/ttaf1"
     xmlns:ttd="http://www.w3.org/2006/04/ttaf1#datatype"
     xmlns:ttm="http://www.w3.org/2006/04/ttaf1#metadata"
     xmlns:ttp="http://www.w3.org/2006/04/ttaf1#parameter"
     xmlns:tts="http://www.w3.org/2006/04/ttaf1#style"
     xmlns:xsi="http://www.w3.org/2001/XMLSchema-instance"
     xsi:schemaLocation="http://www.w3.org/2006/04/ttaf1 ttaf1-dfxp.xsd"
     xml:lang="en">
<head>
<layout>
<region id="r1" dur="5s">
  <set begin="0s" dur="1s" tts:opacity="1.00"/>
  <set begin="1s" dur="1s" tts:opacity="0.75"/>
  <set begin="2s" dur="1s" tts:opacity="0.50"/>
  <set begin="3s" dur="1s" tts:opacity="0.25"/>
  <set begin="4s" dur="1s" tts:opacity="0.00"/>
  <style tts:extent="304px 77px"/>
  <style tts:backgroundColor="black"/>
  <style tts:color="white"/>
  <style tts:displayAlign="after"/>
  <style tts:textAlign="center"/>
</region>
</layout>
</head>
<body>
<div>
<p region="r1">
  The sun was shining on the sea
</p>
</div>
</body>
</tt>