<?xml version="1.0" encoding="UTF-8"?>
<tt xmlns="http://www.w3.org/2006/04/ttaf1"
     xmlns:ttd="http://www.w3.org/2006/04/ttaf1#datatype"
     xmlns:ttm="http://www.w3.org/2006/04/ttaf1#metadata"
     xmlns:ttp="http://www.w3.org/2006/04/ttaf1#parameter"
     xmlns:tts="http://www.w3.org/2006/04/ttaf1#style"
     xmlns:xsi="http://www.w3.org/2001/XMLSchema-instance"
     xsi:schemaLocation="http://www.w3.org/2006/04/ttaf1 ttaf1-dfxp.xsd"
     xml:lang="en">
<head>
<layout>
<region id="r1">
  <style tts:extent="398px 121px"/>
  <style tts:backgroundColor="black"/>
  <style tts:color="white"/>
  <style/>
</region>
</layout>
</head>
<body>
<div>
<p region="r1" dur="4s">
  <span tts:visibility="hidden">
    <set begin="1s" tts:visibility="visible"/>
    Curiouser
  </span>
  <span tts:visibility="hidden">
    <set begin="2s" tts:visibility="visible"/>
    and
  </span>
  <span tts:visibility="hidden">
    <set begin="3s" tts:visibility="visible"/>
    curiouser!
  </span>
</p>
 </div>
</body>
</tt>
