<?xml version="1.0" encoding="UTF-8"?>
<tt xmlns="http://www.w3.org/2006/04/ttaf1"
     xmlns:ttd="http://www.w3.org/2006/04/ttaf1#datatype"
     xmlns:ttm="http://www.w3.org/2006/04/ttaf1#metadata"
     xmlns:ttp="http://www.w3.org/2006/04/ttaf1#parameter"
     xmlns:tts="http://www.w3.org/2006/04/ttaf1#style"
     xmlns:xsi="http://www.w3.org/2001/XMLSchema-instance"
     xsi:schemaLocation="http://www.w3.org/2006/04/ttaf1 ttaf1-dfxp.xsd"
     xml:lang="en">
<head>
<styling>
 <style id="s1" tts:color="white"/>
<style id="s2" tts:color="yellow"/>
<style id="s3" style tts:color="white" tts:fontFamily="monospaceSerif"/>
<style id="s4" style="s3" tts:color="yellow"/>
</styling>
<layout>
<region id="r1">
  <style tts:color="yellow"/>
  <style tts:fontFamily="monospaceSerif"/>
</region>
</layout>
</head>
<body>
<div>
<p tts:color="white">White 1 <span tts:color="yellow">Yellow</span> White 2</p>
<p style="s1">White 1 <span style="s2">Yellow</span> White 2</p>
<p style="s3">White Monospace</p>
<p style="s4">Yellow Monospace</p>
<p tts:fontFamily="monospaceSansSerif">
  <span tts:color="yellow">Yellow Monospace</span>
</p>
<p region="r1">Yellow Monospace</p>
</div>
</body>
</tt>