<?xml version="1.0" encoding="UTF-8"?>
<tt xml:lang="en" xmlns="http://www.w3.org/2006/04/ttaf1"
  xmlns:tts="http://www.w3.org/2006/04/ttaf1#style"
  xmlns:xsi="http://www.w3.org/2001/XMLSchema-instance"
  xsi:schemaLocation="http://www.w3.org/2006/04/ttaf1 ttaf1-dfxp.xsd">
  <head>
    <layout>
      <region id="r1">
        <style tts:origin="10px 100px"/>
        <style tts:extent="620px 96px"/>
        <style tts:fontSize="40px"/>
        <style tts:fontWeight="bold"/>
        <style tts:backgroundColor="black"/>
        <style tts:color="red"/>
        <style tts:textAlign="center"/>
        <style tts:displayAlign="center"/>
      </region>
      <region id="r2">
        <style tts:origin="10px 300px"/>
        <style tts:extent="620px 96px"/>
        <style tts:fontSize="40px"/>
        <style tts:fontWeight="bold"/>
        <style tts:backgroundColor="black"/>
        <style tts:color="yellow"/>
        <style tts:textAlign="center"/>
        <style tts:displayAlign="center"/>
      </region>
    </layout>
  </head>
  <body tts:extent="640px 480px" id="b1">
    <div id="d1" begin="0s" dur="2s">
      <p id="p1" region="r1">Text 1</p>
      <p id="p2" region="r2">Text 2</p>
    </div>
    <div id="d2" begin="1s" dur="2s">
      <p id="p3" region="r2">Text 3</p>
      <p id="p4" region="r1">Text 4</p>
    </div>
  </body>
</tt>
